Name,RA,DEC,z,K0,K100,alpha,Tcl,Lbol,UL??,LHa,UL?,Lrad
1E0657_56,104.62344583,-55.94438611,0.296,307.45,18.55,1.88,11.64,52.8,?,0.0,<,8.34
2A_0335+096,54.671270833,9.96685,0.0347,7.14,138.64,1.52,2.88,9.77,=,2.58,=,1.12
2PIGG_J0011.5-2850,2.8400958333,-28.85401111,0.0753,101.98,214.68,0.84,5.86,2.17,?,0.0,=,1.68
2PIGG_J2227.0-3041,336.97733333,-30.57634444,0.0729,17.13,113.95,1.37,2.79,0.81,?,0.0,=,32.4
3C_28.0,13.960004166,26.410130555,0.1952,23.85,107.82,1.79,3.9,4.83,?,0.0,=,1630.0
3C_295,212.8345,52.202930555,0.4641,14.54,81.95,1.47,6.51,7.01,=,232.0,=,203000.0
3C_388,281.00985416,45.558141666,0.0917,17.03,214.3,0.76,3.5,0.529,?,0.0,=,1290.0
4C_55.16,128.72884583,55.572541666,0.242,23.27,161.6,1.29,4.21,5.97,=,800.0,=,16100.0
ABELL_13,3.4078458333,-19.50252777,0.094,182.64,181.95,1.37,6.51,1.42,?,0.0,<,0.609
ABELL_68,9.2769791666,9.1589666666,0.2546,217.34,142.31,0.89,7.99,12.8,<,8.3,<,4.34
ABELL_85,10.460025,-9.302997222,0.0558,12.5,158.83,1.12,6.9,5.3,=,0.431,=,4.61
ABELL_119,14.063125,-1.249916666,0.0442,233.85,191.29,0.75,6.04,1.41,<,0.016,<,0.125
ABELL_133,15.673983333,-21.88049722,0.0558,17.26,170.12,1.59,3.71,0.828,=,0.653,<,0.203
ABELL_141,16.393270833,-24.63299444,0.23,205.03,42.56,1.78,5.31,0.0,?,0.0,<,3.44
ABELL_160,18.252883333,15.487522222,0.0447,155.78,116.26,0.98,2.7,0.0,<,0.213,<,0.102
ABELL_193,21.281916666,8.6991888888,0.0485,185.46,35.96,2.23,2.5,0.0,<,0.251,=,1.56
ABELL_209,22.969020833,-13.610775,0.206,105.5,149.31,0.8,8.28,11.0,?,0.0,<,3.38
ABELL_222,24.394008333,-12.99302222,0.213,126.02,82.25,1.0,4.6,10.5,<,5.62,<,2.66
ABELL_223,24.483179166,-12.81959166,0.207,183.87,160.65,1.24,5.28,11.2,<,5.29,=,19.8
ABELL_262,28.1929125,36.153277777,0.0164,10.57,205.09,0.98,2.18,1.05,?,0.0,=,0.435
ABELL_267,28.176120833,1.0125916666,0.23,168.56,51.81,1.82,6.79,8.7,<,6.65,<,4.34
ABELL_368,39.365166666,-26.50805277,0.22,50.87,144.12,1.21,5.62,0.0,?,0.0,=,6.48
ABELL_370,39.971537499,-1.576933333,0.3747,321.92,78.72,1.24,7.2,12.1,?,0.0,<,13.4
ABELL_383,42.014016666,-3.529080555,0.1871,13.02,110.9,1.4,3.93,5.39,?,0.0,=,44.6
ABELL_399,44.472425,13.025238888,0.0716,153.2,204.34,0.74,5.8,4.4,<,0.561,<,0.343
ABELL_400,44.423345833,6.0243361111,0.024,162.81,35.26,1.76,2.31,0.851,<,0.06,<,0.028
ABELL_401,44.737166666,13.570697222,0.0745,166.86,81.79,1.4,8.07,8.39,<,0.609,<,0.372
ABELL_426,49.950808333,41.511313888,0.0179,19.38,119.89,1.74,6.79,50.0,=,0.146,=,143.0
ABELL_478,63.355604166,10.465319444,0.0883,7.81,122.0,0.97,7.07,16.7,=,6.03,=,7.87
ABELL_496,68.408491666,-13.26101388,0.0328,8.91,216.33,1.27,3.89,0.575,=,0.718,=,3.27
ABELL_520,73.542929166,2.9268,0.202,325.54,10.22,2.09,7.4,13.1,<,5.01,<,3.24
ABELL_521,73.526404166,-10.22135555,0.2533,259.87,245.43,1.91,6.74,9.85,?,0.0,<,4.29
ABELL_539,79.155562499,6.4403277777,0.0288,22.59,493.32,1.05,3.24,1.82,?,0.0,<,0.041
ABELL_562,103.33968333,69.330886111,0.11,202.06,34.61,1.09,3.04,2.14,?,0.0,<,0.677
ABELL_576,110.37664166,55.761652777,0.0385,95.29,221.21,1.41,4.09,0.47,<,0.157,<,0.094
ABELL_586,113.08474583,31.632941666,0.171,94.75,92.06,1.25,8.7,8.61,<,3.5,=,4.91
ABELL_611,120.23679999,36.056691666,0.288,124.93,164.35,1.25,6.69,10.9,<,10.9,<,7.26
ABELL_644,124.35510416,-7.511119444,0.0698,132.36,85.91,1.55,6.6,7.61,<,0.346,<,0.325
ABELL_665,127.74677499,65.838905555,0.181,134.57,106.34,1.06,8.3,13.5,<,3.96,<,2.53
ABELL_697,130.73978749,36.366013888,0.282,166.67,108.16,1.1,9.06,26.3,<,10.4,<,6.92
ABELL_744,136.83522916,16.651716666,0.0729,63.42,229.33,0.79,2.5,0.891,<,6.49,<,0.282
ABELL_754,137.32578333,-9.685988888,0.0543,270.39,69.67,1.48,9.94,33.1,<,0.219,<,0.192
ABELL_773,139.469025,51.727272222,0.217,244.32,41.1,1.6,8.53,13.0,<,5.86,<,3.8
ABELL_907,149.59144166,-11.06409166,0.1527,23.38,187.01,1.05,5.04,6.26,?,0.0,=,47.7
ABELL_963,154.26559999,39.046991666,0.2056,55.77,169.12,0.9,6.6,10.7,<,5.21,<,3.37
ABELL_1060,159.17844999,-27.52835,0.0125,72.0,178.34,1.25,3.2,0.012,?,0.0,<,0.01
ABELL_1063S,342.18455833,-44.53010277,0.354,169.59,42.21,1.72,11.1,71.5,?,0.0,<,21.1
ABELL_1068,160.18549999,39.952855555,0.1375,9.11,108.8,1.31,3.87,4.77,=,226.0,=,12.8
ABELL_1201,168.22703749,13.435766666,0.1688,64.81,198.94,1.03,6.9,4.08,<,3.41,<,2.17
ABELL_1204,168.33507916,17.594013888,0.1706,15.31,81.83,1.4,3.78,3.98,=,6.38,<,2.22
ABELL_1240,170.90982083,43.096758333,0.159,462.4,8.27,2.37,4.77,0.0,?,0.0,<,1.51
ABELL_1361,175.91515416,46.355669444,0.1171,18.64,117.86,1.06,4.08,2.39,=,7.75,=,267.0
ABELL_1413,178.82455416,23.406066666,0.1426,64.03,123.19,1.19,8.9,10.2,<,2.38,<,1.6
ABELL_1423,179.32192916,33.6104,0.213,68.32,124.17,1.2,8.5,7.07,<,5.62,<,4.6
ABELL_1446,180.51559999,58.038313888,0.1035,152.38,119.5,0.67,4.0,0.0,?,0.0,<,0.594
ABELL_1569,189.10839583,16.538280555,0.0735,110.1,149.14,0.51,2.51,0.0,?,0.0,<,0.287
ABELL_1576,189.24280833,63.187188888,0.279,186.24,98.35,1.38,8.65,31.6,?,0.0,=,39.4
ABELL_1644,194.29860416,-17.40912777,0.0471,19.03,585.67,1.76,4.6,0.0,=,0.522,=,5.63
ABELL_1650,194.67291249,-1.762311111,0.0843,37.96,159.89,0.84,5.89,4.37,<,0.05,<,0.484
ABELL_1651,194.84512499,-4.196072222,0.084,89.46,115.53,0.97,7.0,6.71,<,0.781,<,0.852
ABELL_1664,195.92759166,-24.24488611,0.1276,14.4,141.84,1.7,3.5,3.15,?,0.0,=,17.1
ABELL_1689,197.87338333,-1.341302777,0.1843,78.44,111.77,1.35,10.1,28.1,<,0.28,<,2.64
ABELL_1736,201.70605416,-27.16336944,0.0338,150.35,127.25,0.99,3.45,3.47,<,0.007,<,0.072
ABELL_1758,203.20165833,50.542369444,0.2792,230.84,144.04,1.21,7.95,21.1,<,10.2,<,6.76
ABELL_1763,203.82482083,40.998833333,0.1866,214.69,70.8,1.37,6.9,9.33,<,4.22,<,2.71
ABELL_1795,207.22000833,26.589875,0.0625,18.99,130.38,1.18,7.8,7.81,=,8.77,=,95.2
ABELL_1835,210.25812916,2.8786611111,0.2532,11.44,111.71,1.26,7.65,39.6,=,504.0,=,84.9
ABELL_1914,216.51274999,37.824400000,0.1712,107.16,131.15,1.05,10.5,26.4,<,3.51,<,2.24
ABELL_1942,219.59115833,3.6702694444,0.224,107.73,194.08,0.66,5.12,2.3,<,6.28,=,1220.0
ABELL_1991,223.63174999,18.644855555,0.0587,1.53,152.21,1.09,5.4,0.451,=,0.596,=,3.25
ABELL_1995,223.23920833,58.049122222,0.3186,374.35,26.81,2.08,8.6,10.3,?,0.0,<,7.29
ABELL_2029,227.73391249,5.744575,0.0765,10.5,163.58,0.95,7.38,15.6,<,0.643,=,82.2
ABELL_2034,227.55207499,33.510991666,0.113,232.64,85.07,1.14,7.15,6.5,<,1.45,<,0.904
ABELL_2052,229.185475,7.0213944444,0.0353,9.45,164.72,1.25,2.98,5.13,=,1.38,=,174.0
ABELL_2063,230.77021249,8.6055999999,0.0351,53.51,129.01,1.07,3.61,4.27,<,0.13,=,0.455
ABELL_2065,230.6229875,27.706369444,0.073,43.95,195.29,1.02,5.35,2.95,<,0.584,<,0.357
ABELL_2069,231.04739999,29.871950000,0.116,453.25,54.57,1.47,7.9,3.86,<,1.54,<,0.957
ABELL_2104,235.03387916,-3.304172222,0.1554,160.61,210.1,1.2,9.31,6.98,<,2.85,<,1.81
ABELL_2107,234.91297083,21.782683333,0.0411,21.24,396.13,0.91,3.82,3.02,<,0.179,<,0.079
ABELL_2111,234.91932083,34.424447222,0.23,107.36,193.98,0.65,8.02,7.51,<,6.65,<,4.34
ABELL_2124,236.24637916,36.109475,0.0658,98.31,260.81,0.9,4.41,0.464,<,0.471,<,0.228
ABELL_2125,235.30897499,66.265888888,0.2465,225.17,32.9,1.35,3.2,0.787,?,0.0,<,4.53
ABELL_2142,239.587,27.228947222,0.0898,68.06,120.57,1.22,8.24,75.9,<,0.898,<,0.553
ABELL_2147,240.5709375,15.974533333,0.0356,151.86,136.19,0.55,4.45,0.726,<,0.134,=,0.41
ABELL_2151,241.14952916,17.721488888,0.0366,0.37,135.18,0.56,2.9,1.41,<,0.141,=,0.059
ABELL_2163,243.94043749,-6.150172222,0.1695,437.98,72.21,1.87,12.12,49.3,?,0.0,<,2.19
ABELL_2187,246.05840833,41.243758333,0.1833,78.63,170.71,0.96,7.3,12.6,?,0.0,?,0.0
ABELL_2199,247.15937083,39.551188888,0.03,13.27,331.46,1.35,4.14,0.808,=,1.42,=,83.2
ABELL_2204,248.19549999,5.5757944444,0.1524,9.74,166.19,1.41,6.97,23.0,?,0.0,=,38.1
ABELL_2218,248.96179583,66.211752777,0.1713,288.56,10.72,2.35,6.7,8.46,<,3.52,<,2.24
ABELL_2219,250.08379999,46.7119,0.2256,411.57,17.01,1.97,9.81,38.3,<,6.37,<,4.15
ABELL_2244,255.67741249,34.060372222,0.0967,57.58,109.07,1.0,5.57,5.54,<,1.05,=,0.803
ABELL_2255,258.17889583,64.069669444,0.0805,529.1,5.78,2.63,6.42,3.7,<,0.715,<,0.439
ABELL_2256,255.93569583,78.636530555,0.0579,349.58,7.05,2.54,6.9,25.7,?,0.0,<,0.22
ABELL_2259,260.03457916,27.669869444,0.164,113.98,60.96,1.36,4.94,5.43,<,3.2,<,2.04
ABELL_2261,260.61355833,32.132944444,0.224,61.08,105.96,1.27,7.58,17.6,<,6.28,<,4.67
ABELL_2294,261.04228749,85.886047222,0.178,156.31,235.74,1.03,7.1,10.4,?,0.0,<,2.44
ABELL_2319,290.29015833,43.955980555,0.0562,270.23,39.42,1.76,9.49,12.7,<,6.45,<,0.206
ABELL_2384,328.08824166,-19.54775,0.0945,38.48,139.21,1.49,3.8,1.98,?,0.0,<,0.616
ABELL_2390,328.40343749,17.695661111,0.2301,14.73,202.92,1.07,9.16,35.6,=,66.3,=,409.0
ABELL_2409,330.21902916,20.968486111,0.1479,73.81,120.76,0.97,5.5,7.08,<,2.57,<,1.62
ABELL_2420,332.5783,-12.170375,0.0846,332.56,64.33,1.12,7.89,0.0,?,0.0,<,0.484
ABELL_2462,339.79736249,-17.34120277,0.0737,129.68,83.2,0.77,2.5,0.0,?,0.0,<,0.289
ABELL_2537,347.09297083,-2.191633333,0.295,110.41,124.72,1.26,6.08,10.2,?,0.0,<,7.68
ABELL_2554,348.08175833,-21.50314444,0.1103,105.09,318.36,0.66,6.4,1.66,?,0.0,<,0.681
ABELL_2556,348.25588749,-21.63457499,0.0862,12.38,115.76,1.13,10.85,1.53,?,0.0,<,0.507
ABELL_2589,350.98881249,16.777341666,0.0415,51.99,109.56,0.61,3.7,0.33,<,0.183,<,0.087
ABELL_2597,351.3324125,-12.12434166,0.0854,10.6,98.88,1.26,3.58,1.47,=,53.8,=,373.0
ABELL_2626,354.12688333,21.146488888,0.0573,23.19,144.08,1.05,2.9,0.661,=,0.596,=,4.68
ABELL_2631,354.41066666,0.2680611111,0.2779,308.81,29.18,1.44,9.6,12.7,<,10.1,<,6.69
ABELL_2657,356.23855416,9.1918722222,0.0402,65.39,153.55,0.91,3.77,4.27,<,0.171,<,0.075
ABELL_2667,357.91414583,-26.08409722,0.23,19.31,93.44,1.31,6.31,20.1,?,0.0,=,33.7
ABELL_2717,0.8040333333,-35.93336944,0.0475,27.05,151.19,0.75,2.56,0.26,?,0.0,<,0.102
ABELL_2744,3.5813708333,-30.39173333,0.308,438.44,46.39,1.41,9.61,29.2,?,0.0,<,8.49
ABELL_2813,10.853670833,-20.62363333,0.2924,267.63,90.43,1.76,8.39,0.0,?,0.0,<,5.97
ABELL_3084,46.016333333,-36.94088055,0.0977,96.74,193.67,1.08,4.56,0.0,?,0.0,<,0.525
ABELL_3088,46.757224999,-28.66540833,0.2534,82.78,216.83,1.71,6.71,38.9,?,0.0,<,4.29
ABELL_3112,49.490337499,-44.2381,0.072,11.4,169.12,1.17,4.28,3.28,=,3.36,=,119.0
ABELL_3120,50.485266666,-51.3265,0.069,17.29,206.17,0.99,4.39,0.0,?,0.0,=,2.71
ABELL_3158,55.7278125,-53.62343333,0.058,166.01,80.92,0.9,5.5,3.45,<,0.029,<,0.237
ABELL_3266,67.805433333,-61.45349722,0.059,72.45,376.73,0.64,8.35,2.77,<,0.022,<,0.246
ABELL_3364,86.907074999,-31.873225,0.1483,268.55,34.53,1.97,6.59,0.0,?,0.0,=,7.87
ABELL_3376,90.548983333,-39.94974166,0.0456,282.95,58.97,1.71,4.08,0.756,?,0.0,<,0.134
ABELL_3391,96.589629166,-53.69578055,0.056,367.52,23.56,1.64,6.07,1.44,?,0.0,<,0.221
ABELL_3395,96.701929166,-54.54978055,0.051,247.2,105.85,1.65,5.13,5.75,?,0.0,<,0.182
ABELL_3528S,193.67040416,-29.22724999,0.053,31.56,270.04,1.17,4.94,0.0,?,0.0,=,61.0
ABELL_3558,201.98689166,-31.49549444,0.048,126.15,132.52,2.11,5.51,1.63,<,0.174,=,0.238
ABELL_3562,203.4075,-31.67001111,0.049,77.42,159.76,0.81,3.8,1.11,<,0.266,<,0.155
ABELL_3571,206.86847499,-32.86456944,0.0391,79.31,191.27,0.82,7.6,1.25,<,0.114,<,0.097
ABELL_3581,211.87407083,-27.0183,0.0218,9.51,138.07,1.22,2.1,1.23,=,21.3,=,6.04
ABELL_3667,303.17179583,-56.84325000,0.0556,160.43,110.56,0.78,6.72,4.25,<,0.199,<,0.226
ABELL_3822,328.51751249,-57.86741944,0.0759,108.66,200.32,0.66,5.45,0.0,?,0.0,<,0.417
ABELL_3827,330.47166666,-59.94528888,0.0984,164.58,94.8,1.34,8.05,0.0,?,0.0,<,0.724
ABELL_3921,342.49095416,-64.42838055,0.0927,101.19,151.49,0.86,5.69,3.37,?,0.0,<,0.637
ABELL_4038,356.92991666,-28.14300277,0.03,37.93,117.86,1.11,3.3,0.821,?,0.0,=,0.622
ABELL_4059,359.25443749,-34.75924444,0.0475,7.06,203.16,0.88,4.69,6.76,=,1.18,=,159.0
ABELL_S0405,57.886729166,-82.21949722,0.0613,16.94,274.22,0.45,4.63,0.0,?,0.0,=,1.27
ABELL_S0592,99.702541666,-53.97397777,0.2216,58.7,195.48,0.99,8.24,0.0,?,0.0,<,4.3
AC_114,344.70131666,-34.80227777,0.312,199.79,69.99,1.5,6.99,11.0,?,0.0,<,6.94
AWM7,43.615129166,41.579741666,0.0172,8.37,227.59,0.8,3.71,4.07,?,0.0,<,0.018
CENTAURUS,192.20527916,-41.31098333,0.0109,2.25,474.86,1.33,3.96,1.74,=,1.5,=,7.38
CID_0072,263.26352916,43.760355555,0.0344,9.45,133.25,0.99,2.88,0.0,=,0.106,=,0.358
CL_J1226.9+3332,186.74322083,33.546488888,0.89,166.03,99.0,1.41,10.4,31.0,?,0.0,=,190.0
CYGNUS_A,299.86825416,40.733883333,0.0561,23.64,210.12,1.57,10.4,2.18,=,21.3,=,63700.0
ESO_3060170,85.0278625,-40.83689444,0.0358,7.98,1400.88,1.8,2.79,0.238,?,0.0,=,0.293
ESO_5520200,73.717991666,-18.1157,0.0314,5.89,121.77,0.67,2.34,0.09,?,0.0,<,0.062
EXO_0422-086,66.463629166,-8.560116666,0.0397,13.77,193.82,1.25,3.28,0.738,<,0.011,=,4.52
HCG_0062,193.27392083,-9.204344444,0.0146,3.44,219.02,1.28,1.1,0.081,=,0.038,=,0.02
HCG_42,150.05930833,-19.636325,0.0133,1.85,126.46,0.87,0.7,0.018,?,0.0,=,0.009
HERCULES_A,252.78400416,4.9923444444,0.1541,9.17,143.89,1.07,4.15,3.48,=,1.3,=,55200.0
HYDRA_A,139.5249375,-12.09553888,0.0549,13.31,114.92,1.03,4.3,2.63,=,9.61,=,2890.0
M49,187.44517083,8.00055,0.0033,0.91,495.33,1.14,1.33,0.0,?,0.0,=,0.046
M87,187.7057625,12.391297222,0.0044,3.53,146.6,0.8,2.5,0.0,=,0.103,=,47.0
MACS_J0011.7-1523,2.9290208333,-15.38910833,0.36,18.83,109.14,1.04,5.42,11.0,?,0.0,=,152.0
MACS_J0035.4-2015,8.8607208333,-20.26279444,0.3644,93.42,76.4,1.26,7.39,19.8,?,0.0,<,12.6
MACS_J0159.8-0849,29.956054166,-8.833583333,0.405,18.79,123.87,1.31,9.59,26.5,?,0.0,=,237.0
MACS_J0242.5-2132,40.649608333,-21.54063888,0.314,10.92,74.59,1.29,6.22,12.9,?,0.0,=,4450.0
MACS_J0257.1-2325,44.288041666,-23.43495833,0.5053,234.47,195.81,1.39,10.5,21.9,?,0.0,<,27.5
MACS_J0257.6-2209,44.420933333,-22.15308888,0.3224,155.91,82.11,1.55,7.4,10.9,?,0.0,<,9.44
MACS_J0308.9+2645,47.233029166,26.76065,0.324,212.76,70.07,1.43,7.37,20.6,?,0.0,<,9.55
MACS_J0329.6-0211,52.423670833,-2.196574999,0.45,11.13,96.68,1.26,6.85,13.0,?,0.0,=,57.4
MACS_J0417.5-1154,64.394525,-11.90908611,0.44,27.08,99.69,1.42,11.3,38.2,?,0.0,=,235.0
MACS_J0429.6-0253,67.400366666,-2.885838888,0.399,17.17,88.87,1.23,6.76,11.7,?,0.0,=,866.0
MACS_J0520.7-1328,80.175216666,-13.48038333,0.3398,88.59,84.92,1.2,6.27,9.63,?,0.0,=,397.0
MACS_J0547.0-3904,86.756591666,-39.07451111,0.21,23.14,121.59,1.2,2.96,1.62,?,0.0,=,44.4
MACS_J0717.5+3745,109.38189166,37.755144444,0.548,220.15,160.08,0.76,10.5,46.9,?,0.0,<,33.5
MACS_J0744.8+3927,116.22000833,39.456780555,0.686,42.38,112.02,1.11,11.29,24.9,?,0.0,<,58.0
MACS_J1115.2+5320,168.81513333,53.334252777,0.439,292.28,27.56,1.73,8.03,14.3,?,0.0,<,19.6
MACS_J1115.8+0129,168.96686666,1.4990444444,0.3521,14.76,107.65,1.31,9.26,1.49,?,0.0,=,6.67
MACS_J1131.8-1955,172.97741666,-19.92903888,0.307,97.26,156.32,1.15,8.3,17.6,?,0.0,<,8.42
MACS_J1149.5+2223,177.39939999,22.398616666,0.544,280.69,33.13,1.47,8.4,2.53,?,0.0,<,2.38
MACS_J1206.2-0847,181.55114999,-8.800666666,0.44,69.04,94.69,1.28,7.88,37.3,?,0.0,=,1270.0
MACS_J1311.0-0310,197.75693749,-3.177638888,0.494,47.36,63.47,1.62,8.0,10.2,?,0.0,<,26.0
MACS_J1621.3+3810,245.3533375,38.169069444,0.461,20.08,129.83,1.18,7.53,11.6,?,0.0,=,77.5
MACS_J1931.8-2634,292.95689999,-26.57610833,0.352,14.56,87.52,1.27,7.5,23.4,?,0.0,<,11.6
MACS_J2049.9-3217,312.48435416,-32.28119444,0.3254,195.85,92.71,1.06,6.98,8.71,?,0.0,<,9.64
MACS_J2211.7-0349,332.94106666,-3.827011111,0.27,165.49,78.26,1.59,10.51,22.2,?,0.0,<,6.26
MACS_J2214.9-1359,333.73944583,-14.00259722,0.5026,297.7,171.96,1.46,8.8,24.2,?,0.0,<,27.1
MACS_J2228+2036,337.14113333,20.621752777,0.412,118.79,107.22,1.0,8.4,18.1,?,0.0,<,16.8
MACS_J2229.7-2755,337.43899166,-27.92733611,0.324,12.39,74.97,1.36,5.5,9.6,?,0.0,=,27.9
MACS_J2245.0+2637,341.26940416,26.634294444,0.304,42.03,105.93,1.33,5.1,9.47,?,0.0,=,19.1
MKW3S,230.46637499,7.7088805555,0.045,23.94,131.08,0.96,3.5,1.14,=,1.69,=,0.588
MKW_04,181.11340833,1.8952194444,0.0198,6.86,392.7,1.26,2.16,0.029,?,0.0,<,0.024
MKW_08,220.16513749,3.4704472222,0.027,130.68,228.51,0.87,3.29,0.851,?,0.0,<,0.036
MS_0016.9+1609,4.6395958333,16.436941666,0.541,162.07,64.17,1.29,9.9,33.2,?,0.0,<,32.4
MS_0116.3-0115,19.724766666,-1.002094444,0.0452,12.77,220.8,0.63,1.84,0.0,?,0.0,=,0.167
MS_0440.5+0204,70.791466666,2.1718611111,0.19,25.46,164.03,1.11,5.02,2.21,=,124.0,<,2.24
MS_0451.6-0305,73.54585,-3.014497222,0.5386,568.13,15.61,2.81,8.62,33.6,?,0.0,<,32.1
MS_0735.6+7421,115.43435416,74.243952777,0.216,15.96,106.79,1.14,5.45,7.65,=,124.0,=,31.8
MS_0839.8+2938,130.73320416,29.457491666,0.194,19.19,105.79,1.33,3.8,3.13,=,64.7,=,29.2
MS_0906.5+1110,137.3031375,10.975555555,0.163,104.23,97.32,1.15,8.1,4.69,<,6.38,<,2.01
MS_1006.0+1202,152.19775833,11.793419444,0.221,160.28,82.81,1.32,7.03,4.81,<,8.68,<,3.14
MS_1008.1-1224,152.63463333,-12.66577777,0.301,97.62,262.05,0.76,7.47,8.53,<,19.7,<,8.04
MS_1455.0+2232,224.31286666,22.342358333,0.259,16.88,81.47,1.39,4.51,10.4,?,0.0,=,37.5
MS_2137.3-2353,325.06324166,-23.66130833,0.313,14.68,89.85,1.39,6.3,11.4,?,0.0,=,13.4
MS_J1157.3+5531,179.96789583,55.534891666,0.081,5.93,277.01,1.45,2.91,0.124,?,0.0,<,0.444
NGC_0507,20.916270833,33.256036111,0.0164,0.0,99.89,0.65,1.4,0.24,?,0.0,=,0.324
NGC_4636,190.70773333,2.6877388888,0.0031,1.42,11962.07,1.96,0.66,0.0,?,0.0,=,0.014
NGC_5044,198.84977916,-16.38545,0.009,2.28,82.15,0.96,1.22,0.209,?,0.0,=,0.054
NGC_5813,225.29691666,1.7020083333,0.0066,1.38,102.51,0.91,0.76,0.026,?,0.0,=,0.012
NGC_5846,226.62203749,1.6055916666,0.0057,1.83,685.78,1.44,0.64,0.019,?,0.0,=,0.013
OPHIUCHUS,258.11554583,-23.36853888,0.028,8.95,247.48,0.73,11.79,2.78,?,0.0,=,0.566
PKS_0745-191,116.88098333,-19.29438333,0.1028,12.41,110.7,1.39,8.5,21.6,=,28.0,=,700.0
RBS_0461,55.322874999,15.398516666,0.029,95.67,68.8,1.39,2.6,0.0,<,0.088,=,0.308
RBS_0533,64.908770833,2.4098722222,0.0123,2.22,164.34,1.0,1.29,0.0,<,0.016,=,0.061
RBS_0797,146.80288749,76.387055555,0.354,19.49,97.67,1.67,6.43,26.3,?,0.0,=,102.0
RCS_J2327-0204,351.86468333,-2.077502777,0.2,68.55,217.2,1.28,7.06,0.0,?,0.0,<,2.51
RXCJ0331.1-2100,52.775083333,-21.00914722,0.188,11.4,134.1,1.3,4.61,0.0,?,0.0,=,147.0
RXC_J1023.8-2715,155.95914999,-27.25660277,0.0963,20.86,255.29,1.45,8.43,0.0,?,0.0,?,0.0
RX_J0220.9-3829,35.235758333,-38.48089166,0.2287,43.0,159.95,1.23,4.86,0.0,?,0.0,<,3.4
RX_J0232.2-4420,38.078212499,-44.3463,0.2836,44.62,166.53,1.16,7.84,18.3,?,0.0,<,12.6
RX_J0439+0520,69.759241666,5.3453083333,0.208,14.92,95.47,1.19,4.63,3.61,=,68.7,=,89.5
RX_J0439.0+0715,69.752958333,7.2687916666,0.23,66.75,129.57,1.06,6.5,9.56,<,6.65,<,4.34
RX_J0528.9-3927,82.220995833,-39.47098055,0.2632,72.85,99.8,1.47,9.77,13.1,?,0.0,=,11.1
RX_J0647.7+7015,101.95845416,70.247127777,0.584,225.06,48.82,1.7,9.07,26.7,?,0.0,<,39.1
RX_J0819.6+6336,124.85836249,63.624036111,0.119,20.69,170.57,0.68,3.9,1.12,?,0.0,=,11.0
RX_J1000.4+4409,150.13343333,44.144358333,0.154,27.71,151.1,1.09,3.42,0.0,=,1.3,<,1.41
RX_J1022.1+3830,155.54180833,38.523205555,0.0491,51.6,194.76,1.04,3.04,0.0,?,0.0,<,0.124
RX_J1130.0+3637,172.51162083,36.635627777,0.06,29.93,149.6,1.14,2.02,0.0,?,0.0,<,0.188
RX_J1320.2+3308,200.06104166,33.142516666,0.0366,8.8,140.28,1.28,1.01,0.0,=,0.212,=,2.24
RX_J1347.5-1145,206.87747083,-11.75279166,0.451,12.45,179.86,1.06,10.88,101.0,?,0.0,=,384.0
RX_J1423.8+2404,215.94899583,24.077902777,0.545,10.23,119.91,1.27,5.92,16.0,?,0.0,=,106.0
RX_J1504.1-0248,226.03089583,-2.804361111,0.215,13.08,95.58,1.5,8.9,34.9,?,0.0,=,90.2
RX_J1532.9+3021,233.22408749,30.349644444,0.345,16.93,76.31,1.51,5.44,21.0,=,473.0,=,101.0
RX_J1539.5-8335,234.88535416,-83.58995277,0.0728,25.88,109.99,1.41,3.81,0.0,?,0.0,=,3.92
RX_J1720.1+2638,260.04142083,26.624752777,0.164,21.03,109.14,1.39,5.55,11.5,=,7.6,=,71.4
RX_J1720.2+3536,260.0706375,35.606563888,0.3913,24.0,94.44,1.42,5.65,13.1,?,0.0,=,107.0
RX_J1852.1+5711,283.03672916,57.195175,0.1094,18.72,170.36,0.83,3.44,0.0,?,0.0,=,13.6
RX_J2129.6+0005,322.41643333,0.0885638888,0.235,21.14,97.91,1.26,6.1,12.7,?,0.0,=,46.3
SC_1327-312,202.44894999,-31.60653888,0.0531,64.57,160.82,0.81,3.53,3.16,?,0.0,<,0.145
SERSIC_159-03,348.49484999,-42.72630555,0.058,10.45,77.78,1.17,2.65,1.1,=,3.54,=,18.7
SS2B153,162.60885416,-12.84493333,0.0186,1.12,71.35,0.8,0.8,0.0,?,0.0,=,0.216
UGC_03957,115.24306249,55.427305555,0.0341,12.88,175.07,0.98,2.96,0.0,?,0.0,=,1.23
UGC_12491,349.65962916,42.958072222,0.0174,2.99,148.48,1.12,0.87,0.0,?,0.0,=,0.02
ZWCL_1215,184.42378333,3.6543916666,0.075,163.23,131.29,1.0,3.0,3.52,?,0.0,<,0.378
ZWCL_1358+6245,209.96052499,62.517936111,0.328,20.67,97.97,1.43,7.2,12.5,=,129.0,<,7.8
ZWCL_1742,266.06047916,32.991577777,0.0757,23.84,126.53,1.3,4.4,0.0,?,0.0,=,11.1
ZWCL_1953,132.52782083,36.071155555,0.38,194.53,62.12,1.39,14.5,17.3,?,0.0,<,10.8
ZWCL_3146,155.9155625,4.1855694444,0.29,11.42,105.48,1.29,12.8,29.8,=,582.0,=,21.0
ZWICKY_2701,148.20492916,51.884797222,0.21,39.66,126.0,1.45,4.44,5.24,=,5.41,=,20.5
ZwCl_0857.9+2107,135.15347916,20.894544444,0.235,24.25,89.27,1.4,12.1,0.0,?,0.0,=,13.0
